{"_step":83,"Episode":83,"Reward":614,"Epsilon":0.02,"_timestamp":1.7372428439096894e+09,"_wandb":{"runtime":571},"_runtime":557.142495582}