{"Epsilon":0.05,"_wandb":{"runtime":48068},"_timestamp":1.737484624662612e+09,"_runtime":48054.384980008,"_step":15735,"Episode":15735,"Reward":60.11999999999989}