{"Epsilon":1,"_timestamp":1.7373149506219344e+09,"_runtime":314.620103137,"_step":5,"_wandb":{"runtime":373},"Episode":5,"Reward":-155.58999999996132}