{"_timestamp":1.7373168534229443e+09,"_runtime":1102.772370734,"_step":19,"Episode":19,"Reward":114.31000000007043,"Epsilon":0.9046104802746175,"_wandb":{"runtime":1117}}