{"Episode":23,"Reward":139,"Epsilon":0.8866535105013078,"_timestamp":1.7373125557467678e+09,"_runtime":1115.020490527,"_step":23,"_wandb":{"runtime":1142}}