{"Reward":114.31000000007202,"Epsilon":0.49995,"_timestamp":1.7373965578852556e+09,"_runtime":72.996610415,"_wandb":{"runtime":117},"_step":0,"Episode":0}