{"Reward":114.51000000006826,"Epsilon":0.5211953074858876,"_timestamp":1.7373227550627687e+09,"_runtime":5841.832010464,"_step":129,"_wandb":{"runtime":5845},"Episode":129}