{"Episode":7,"Reward":329,"Epsilon":0.960693043575437,"_timestamp":1.737309596694449e+09,"_runtime":496.741740507,"_step":7,"_wandb":{"runtime":544}}