{"_wandb":{"runtime":1540},"Episode":29,"Reward":267,"Epsilon":0.8603841919146962,"_timestamp":1.737314166434261e+09,"_runtime":1529.770050621,"_step":29}