{"_step":17,"Episode":17,"Reward":603,"Epsilon":0.02,"_timestamp":1.7372422723444576e+09,"_wandb":{"runtime":96},"_runtime":87.472923001}