{"Epsilon":0.02,"_timestamp":1.7373685603430507e+09,"_runtime":19970.561715017,"_step":4999,"Episode":4999,"Reward":669.2200000000032,"_wandb":{"runtime":19970}}