{"_runtime":4.637009473,"_step":1,"Episode":1,"Reward":241.54000000000025,"Epsilon":0.990025,"_timestamp":1.7373099774430947e+09,"_wandb":{"runtime":71}}