{"_runtime":1331.20008555,"_step":25,"Episode":25,"Reward":58.81000000005897,"Epsilon":0.8778091417340573,"_timestamp":1.7373113835592244e+09,"_wandb":{"runtime":1383}}