{"Reward":-30.489999999949074,"Epsilon":1,"_timestamp":1.7373152136908064e+09,"_runtime":199.659397664,"_step":4,"Episode":4,"_wandb":{"runtime":267}}