{"Epsilon":0.995,"_timestamp":1.737385401664717e+09,"_runtime":7.39718086,"_step":0,"_wandb":{"runtime":19},"Episode":0,"Reward":665.1800000000037}