{"Epsilon":0.960693043575437,"_wandb":{"runtime":430},"_timestamp":1.7373145567513742e+09,"_runtime":375.436965649,"_step":7,"Episode":7,"Reward":139}