{"_timestamp":1.7373089689424865e+09,"_runtime":142.881397334,"_step":4,"Episode":4,"Reward":247,"Epsilon":0.9509900498999999,"_wandb":{"runtime":158}}