{"_wandb":{"runtime":1796},"Reward":1018,"Epsilon":0.02,"_timestamp":1.7372404780365849e+09,"_runtime":1794.380374768,"_step":349,"Episode":349}