{"Episode":532,"Reward":826.5400000000092,"Epsilon":0.153200989985415,"_timestamp":1.7374008811517339e+09,"_runtime":4132.445349384,"_step":532,"_wandb":{"runtime":4142}}