{"Episode":2078,"Reward":479.5000000000009,"Epsilon":0.07070790696367812,"_timestamp":1.7374365533864489e+09,"_runtime":8681.181326707,"_step":2078,"_wandb":{"runtime":8682}}