{"_runtime":3.694242747,"_step":0,"_wandb":{"runtime":5},"Episode":0,"Reward":68.95999999999998,"Epsilon":0.19990000000000002,"_timestamp":1.7374271679174306e+09}