{"_runtime":59347.431558483,"_step":10163,"Episode":10163,"Reward":549,"_wandb":{"runtime":59371},"Epsilon":0.02,"_timestamp":1.737302219686037e+09}