{"Epsilon":0.02,"_timestamp":1.7372405533557887e+09,"_runtime":28.435273429,"_step":2,"_wandb":{"runtime":33},"Episode":2,"Reward":242}