{"_step":65,"Episode":65,"Reward":249,"Epsilon":0.02,"_wandb":{"runtime":459},"_timestamp":1.7372414264342077e+09,"_runtime":414.503616144}