{"_step":2712,"_wandb":{"runtime":10769},"Episode":2712,"Reward":256.88000000000005,"Epsilon":0.02,"_timestamp":1.7373962583324642e+09,"_runtime":10767.533569098}