{"Reward":1720,"Epsilon":0.02,"_timestamp":1.7373024221566138e+09,"_runtime":165.546583973,"_step":6,"_wandb":{"runtime":194},"Episode":6}