{"_step":1,"Episode":1,"_wandb":{"runtime":161},"Reward":267,"Epsilon":0.5,"_timestamp":1.7373025978969903e+09,"_runtime":137.513386375}