{"_wandb":{"runtime":5775},"Episode":141,"Reward":139,"Epsilon":0.9,"_timestamp":1.7373084069520705e+09,"_runtime":5771.464051923,"_step":141}