{"_step":2,"_wandb":{"runtime":174},"Episode":2,"Reward":243.50000000000003,"Epsilon":1,"_timestamp":1.737315415210105e+09,"_runtime":128.792169249}