{"Episode":351,"Reward":75.67999999999992,"Epsilon":0.16771621453075825,"_timestamp":1.737425578646261e+09,"_runtime":1979.772627154,"_step":351,"_wandb":{"runtime":1981}}